{"cameraMode":{"drawMode":0,"name":"Shaded","section":"Shading Mode"},"sceneLighting":true,"audioPlay":false,"sceneViewState":{"showFog":true,"showMaterialUpdate":false,"showSkybox":true,"showFlares":true,"showImageEffects":true,"showParticleSystems":true},"in2DMode":false,"pivot":{"x":-1.5188758373260499,"y":-1.1391586065292359,"z":-8.316922187805176},"rotation":{"x":-0.007674627937376499,"y":0.992314338684082,"z":-0.08986026793718338,"w":-0.08474945276975632},"size":5.6294355392456059,"orthographic":false}